,percentage_loss,point_percentage,restoration_time
0,1.899405409473772,1.7367367367367437,0.15466666666666667
