,percentage_loss,point_percentage,restoration_time
0,1.5653099228518386,1.4122503840245826,0.06417112299465241
