,percentage_loss,point_percentage,restoration_time
0,4.0282872374816066,2.545952929838813,0.256
