,percentage_loss,point_percentage,restoration_time
0,0.007258256592862722,0.004965792528599522,0.0017793594306049821
