,percentage_loss,point_percentage,restoration_time
0,3.4024413393527624,2.083080685584926,0.21390374331550802
