,percentage_loss,point_percentage,restoration_time
0,1.794295007867845,1.652466542172415,0.3398576512455516
