,percentage_loss,point_percentage,restoration_time
0,2.1234795212817943,1.9172679683078564,0.34519572953736655
