,percentage_loss,point_percentage,restoration_time
0,4.778569941715233,3.85689684139785,0.18716577540106952
