,percentage_loss,point_percentage,restoration_time
0,2.8806156405990038,2.3145053475935873,0.04533333333333334
