,percentage_loss,point_percentage,restoration_time
0,1.9874516642656772,1.6248760228118053,0.37866666666666665
