,percentage_loss,point_percentage,restoration_time
0,3.387404580152662,2.773437499999998,0.11387900355871886
