,percentage_loss,point_percentage,restoration_time
0,2.1795827123695943,1.751013077914898,0.17647058823529413
