,percentage_loss,point_percentage,restoration_time
0,3.1123176546259117,2.5576732077288944,0.4697508896797153
