,percentage_loss,point_percentage,restoration_time
0,1.1508503467031517,1.04853544288529,0.21066666666666667
