,percentage_loss,point_percentage,restoration_time
0,1.6463777827414106,1.473773660357236,0.1497326203208556
