,percentage_loss,point_percentage,restoration_time
0,5.055640611637415,4.597726639126131,0.046263345195729534
