,percentage_loss,point_percentage,restoration_time
0,5.63912180759138,3.559308338720102,0.0855614973262032
