,percentage_loss,point_percentage,restoration_time
0,3.6065944197804356,2.8863604071404536,0.05333333333333334
