,percentage_loss,point_percentage,restoration_time
0,12.43528803290397,8.929506225240512,0.6405693950177936
