,percentage_loss,point_percentage,restoration_time
0,6.29061116865995,4.379753474954107,0.25668449197860965
